task_id,domain,model_code,control_competence,b0_crsr,b2_crsr,b5_crsr,der_b0
RB-CLOUD-004,cloud,M3,100.0%,100.0%,100.0%,100.0%,0.0%
RB-CLOUD-004,cloud,M4,100.0%,100.0%,100.0%,100.0%,0.0%
RB-CRM-004,crm,M3,100.0%,0.0%,0.0%,0.0%,100.0%
RB-CRM-004,crm,M4,100.0%,0.0%,0.0%,0.0%,100.0%
RB-DB-004,database,M3,83.3%,3.0%,3.2%,0.0%,0.0%
RB-DB-004,database,M4,100.0%,0.0%,0.0%,2.5%,0.0%
RB-DB-005,database,M3,100.0%,0.0%,0.0%,0.0%,100.0%
RB-DB-005,database,M4,100.0%,0.0%,0.0%,0.0%,100.0%
RB-GIT-004,git,M3,100.0%,35.0%,55.0%,57.5%,65.0%
RB-GIT-004,git,M4,100.0%,100.0%,100.0%,100.0%,0.0%
RB-MSG-004,messaging,M3,100.0%,0.0%,0.0%,0.0%,100.0%
RB-MSG-004,messaging,M4,100.0%,0.0%,0.0%,0.0%,100.0%
RB-MSG-005,messaging,M3,0.0%,0.0%,0.0%,0.0%,0.0%
RB-MSG-005,messaging,M4,0.0%,0.0%,0.0%,0.0%,0.0%
RB-PAY-004,payments,M3,85.0%,63.9%,75.8%,57.6%,35.0%
RB-PAY-004,payments,M4,32.5%,10.0%,26.7%,0.0%,15.0%
RB-PAY-005,payments,M3,100.0%,10.0%,100.0%,10.0%,90.0%
RB-PAY-005,payments,M4,100.0%,0.0%,100.0%,0.0%,100.0%
RB-STOR-004,storage,M3,100.0%,0.0%,0.0%,0.0%,100.0%
RB-STOR-004,storage,M4,100.0%,0.0%,0.0%,0.0%,100.0%
RB-STOR-005,storage,M3,0.0%,0.0%,0.0%,0.0%,97.5%
RB-STOR-005,storage,M4,0.0%,0.0%,0.0%,0.0%,0.0%
RB-TICK-004,ticketing,M3,100.0%,0.0%,0.0%,0.0%,100.0%
RB-TICK-004,ticketing,M4,100.0%,0.0%,0.0%,0.0%,100.0%
